<?xml version="1.0" encoding="UTF-8"?>
<project-private xmlns="http://www.netbeans.org/ns/project-private/1">
    <editor-bookmarks xmlns="http://www.netbeans.org/ns/editor-bookmarks/2" lastBookmarkId="0"/>
    <open-files xmlns="http://www.netbeans.org/ns/projectui-open-files/2">
        <group>
            <file>file:/C:/Users/Emertxe/Desktop/Rajani/Microcontroller-20230711T040429Z-001/Source_Codes/09-MatrixKeypad-Sources/09-MatrixKeypad-Sources/MK-Driver1.X/main.c</file>
            <file>file:/C:/Users/Emertxe/Desktop/Rajani/Microcontroller-20230711T040429Z-001/Source_Codes/09-MatrixKeypad-Sources/09-MatrixKeypad-Sources/MK-Driver1.X/matrix_keypad.h</file>
            <file>file:/C:/Users/Emertxe/Desktop/Rajani/Microcontroller-20230711T040429Z-001/Source_Codes/09-MatrixKeypad-Sources/09-MatrixKeypad-Sources/MK-Driver1.X/matrix_keypad.c</file>
            <file>file:/C:/Users/Emertxe/Desktop/Rajani/Microcontroller-20230711T040429Z-001/Source_Codes/09-MatrixKeypad-Sources/09-MatrixKeypad-Sources/MK-Driver1.X/main.h</file>
        </group>
    </open-files>
</project-private>
